worker,age,male,income,education,race
AW31492615119,23,0,30000,Some college,Asian (non-Hispanic)
AW45861491036,35,0,50000,Some college,Black (non-Hispanic)
AW62562980372,28,0,30000,Some college,Hispanic (any race)
AW9806860651,55,1,70000,Bachelor's degree,White (non-Hispanic)
AW8132561106,38,0,50000,Master's degree,White (non-Hispanic)
AW3914454237,51,0,10000,Bachelor's degree,White (non-Hispanic)
AW35167700734,35,0,50000,Bachelor's degree,White (non-Hispanic)
AW14391948969,65,0,30000,Some college,Black (non-Hispanic)
AW66605441796,37,0,30000,Some college,Asian (non-Hispanic)
AW11407426600,24,0,50000,Bachelor's degree,White (non-Hispanic)
AW14676415968,45,1,50000,Bachelor's degree,White (non-Hispanic)
AW37637282089,55,0,50000,Master's degree,White (non-Hispanic)
AW45924979624,35,1,125000,Bachelor's degree,White (non-Hispanic)
AW5141221325,23,1,10000,Bachelor's degree,Black (non-Hispanic)
AW57947393006,20,0,90000,Some college,Asian (non-Hispanic)
AW17016467693,68,1,30000,Bachelor's degree,White (non-Hispanic)
AW57722753180,59,0,10000,High school,White (non-Hispanic)
AW47464228731,41,1,125000,Bachelor's degree,Asian (non-Hispanic)
AW40822802345,23,0,125000,Some college,Multiracial
AW22294130211,31,0,10000,Bachelor's degree,White (non-Hispanic)
AW35282295059,37,0,70000,Bachelor's degree,Black (non-Hispanic)
AW2928611716,45,1,145000,Bachelor's degree,White (non-Hispanic)
AW34473965719,27,1,10000,Less than high school,White (non-Hispanic)
AW47128939530,26,0,30000,Some college,White (non-Hispanic)
AW41214802924,24,0,30000,Some college,Other
AW608736841,50,0,105000,Bachelor's degree,White (non-Hispanic)
AW22015680550,41,1,125000,Some college,White (non-Hispanic)
AW35057909333,45,1,50000,Bachelor's degree,Asian (non-Hispanic)
AW50444858103,24,1,50000,Bachelor's degree,White (non-Hispanic)
AW34390490702,36,0,30000,Bachelor's degree,Multiracial
AW2703332749,34,0,125000,Master's degree,White (non-Hispanic)
AW9003697019,28,1,50000,Some college,White (non-Hispanic)
AW47048901175,31,1,90000,Bachelor's degree,Multiracial
AW14358770989,40,1,105000,Master's degree,White (non-Hispanic)
AW60382498478,44,0,10000,Bachelor's degree,Hispanic (any race)
AW5095020288,30,0,30000,Some college,White (non-Hispanic)
AW40574835773,24,0,125000,Bachelor's degree,Hispanic (any race)
AW25272493004,24,0,70000,Some college,White (non-Hispanic)
AW59487028968,27,0,50000,Master's degree,White (non-Hispanic)
AW34692136170,22,1,50000,Bachelor's degree,Multiracial
AW58377691347,45,0,10000,Some college,White (non-Hispanic)
AW32801053917,23,1,30000,Some college,White (non-Hispanic)
AW52031127192,30,0,70000,Bachelor's degree,White (non-Hispanic)
AW5326934029,41,1,30000,Some college,White (non-Hispanic)
AW28209504260,35,1,70000,Bachelor's degree,White (non-Hispanic)
AW1833417562,25,0,30000,Bachelor's degree,White (non-Hispanic)
AW38787742149,38,0,10000,Some college,White (non-Hispanic)
AW20223937587,55,0,70000,Bachelor's degree,White (non-Hispanic)
AW43565402879,27,1,10000,Some college,White (non-Hispanic)
AW14812670297,24,0,70000,Bachelor's degree,White (non-Hispanic)
AW39152726930,27,0,10000,High school,Black (non-Hispanic)
AW2226963449,61,0,10000,Some college,White (non-Hispanic)
AW29765064460,32,1,155000,Bachelor's degree,Black (non-Hispanic)
AW32231539683,32,1,30000,Bachelor's degree,White (non-Hispanic)
AW14448279655,34,1,70000,Master's degree,White (non-Hispanic)
AW19971673018,37,1,70000,Some college,White (non-Hispanic)
AW21285978578,61,0,10000,High school,White (non-Hispanic)
AW59977653501,30,1,30000,Master's degree,White (non-Hispanic)
AW19113891854,21,1,50000,Some college,White (non-Hispanic)
AW8720487986,26,0,30000,Master's degree,Asian (non-Hispanic)
AW17433406337,33,0,70000,Bachelor's degree,White (non-Hispanic)
AW3804625431,66,0,70000,Some college,White (non-Hispanic)
AW3981576449,35,0,30000,Some college,White (non-Hispanic)
AW3502044459,31,0,50000,Some college,White (non-Hispanic)
AW57844824602,45,0,50000,Bachelor's degree,White (non-Hispanic)
AW46045155912,45,0,125000,Graduate degree,Asian (non-Hispanic)
AW51315996103,68,0,10000,Bachelor's degree,White (non-Hispanic)
AW30300299844,30,0,70000,Bachelor's degree,White (non-Hispanic)
AW36903275397,24,0,30000,Bachelor's degree,White (non-Hispanic)
AW61160278785,24,0,30000,Some college,White (non-Hispanic)
AW2082843371,35,1,125000,Graduate degree,White (non-Hispanic)
AW41115871354,51,1,10000,High school,White (non-Hispanic)
AW39564991760,31,0,90000,Some college,White (non-Hispanic)
AW64603237644,36,1,90000,Some college,White (non-Hispanic)
AW39651520400,39,0,90000,High school,White (non-Hispanic)
AW57063327731,45,0,30000,Some college,White (non-Hispanic)
AW29443708218,33,0,50000,Some college,White (non-Hispanic)
AW29242139194,29,0,30000,Bachelor's degree,White (non-Hispanic)
AW42808323234,65,1,10000,Some college,Black (non-Hispanic)
AW33837144319,34,0,90000,Bachelor's degree,Asian (non-Hispanic)
AW34138940195,37,0,50000,Some college,White (non-Hispanic)
AW9332387770,37,0,70000,High school,White (non-Hispanic)
AW9169221869,28,1,10000,Some college,Hispanic (any race)
AW34285209541,34,1,50000,Bachelor's degree,White (non-Hispanic)
AW10593137781,32,1,105000,Some college,White (non-Hispanic)
AW34495248274,59,0,105000,Bachelor's degree,White (non-Hispanic)
AW7347258085,45,1,125000,Bachelor's degree,White (non-Hispanic)
AW66133749743,65,0,70000,Master's degree,White (non-Hispanic)
AW11188437452,24,1,30000,Some college,White (non-Hispanic)
AW6832949688,22,1,70000,Some college,White (non-Hispanic)
AW43366123689,60,1,70000,Bachelor's degree,White (non-Hispanic)
AW63654153880,23,0,30000,Some college,White (non-Hispanic)
AW43167967495,28,0,30000,Bachelor's degree,White (non-Hispanic)
AW21993485684,45,0,125000,Bachelor's degree,White (non-Hispanic)
AW31060910451,34,0,50000,Some college,White (non-Hispanic)
AW52977721889,24,1,10000,High school,Hispanic (any race)
AW56263590007,59,1,70000,Some college,White (non-Hispanic)
AW61944322158,43,0,70000,Some college,White (non-Hispanic)
AW64636299869,48,0,115000,Bachelor's degree,White (non-Hispanic)
AW46376048671,33,0,70000,Bachelor's degree,White (non-Hispanic)
AW64171267049,32,0,50000,Bachelor's degree,White (non-Hispanic)
AW29626142080,66,1,30000,Some college,White (non-Hispanic)
AW33666711284,41,1,105000,Master's degree,White (non-Hispanic)
AW44594763650,38,1,50000,Master's degree,White (non-Hispanic)
AW57127469794,28,1,90000,Bachelor's degree,Asian (non-Hispanic)
AW60624550546,60,0,30000,Some college,White (non-Hispanic)
AW9724167447,25,0,50000,Bachelor's degree,White (non-Hispanic)
AW39895959900,49,1,50000,Some college,White (non-Hispanic)
AW68098025374,41,0,145000,Bachelor's degree,White (non-Hispanic)
AW1005987207,36,1,30000,High school,Black (non-Hispanic)
AW34656129264,55,0,10000,Bachelor's degree,White (non-Hispanic)
AW751318288,45,0,10000,Graduate degree,Black (non-Hispanic)
AW31608129526,45,0,30000,Some college,White (non-Hispanic)
AW10537409847,54,0,70000,Some college,White (non-Hispanic)
AW14876442359,71,0,10000,Doctoral degree,Other
AW67048636971,40,1,10000,Some college,White (non-Hispanic)
AW64714844695,28,0,70000,Bachelor's degree,Asian (non-Hispanic)
AW44835613724,26,0,90000,Bachelor's degree,White (non-Hispanic)
AW47149052279,25,0,30000,Some college,White (non-Hispanic)
AW57594761394,65,1,10000,Some college,White (non-Hispanic)
AW37614490798,67,1,70000,Some college,White (non-Hispanic)
AW33539643423,31,0,30000,Some college,Black (non-Hispanic)
AW59987675549,41,1,90000,Some college,White (non-Hispanic)
AW54186786561,24,0,30000,Some college,Black (non-Hispanic)
AW14872777948,24,1,30000,Some college,Hispanic (any race)
AW39525656750,52,1,10000,Some college,White (non-Hispanic)
AW51142991959,36,0,70000,Bachelor's degree,White (non-Hispanic)
AW4291267901,45,0,30000,Some college,White (non-Hispanic)
AW39681927612,47,1,30000,Master's degree,White (non-Hispanic)
AW16541448986,24,1,125000,Some college,White (non-Hispanic)
AW63088492194,45,0,30000,Some college,White (non-Hispanic)
AW40856274088,65,0,90000,Bachelor's degree,Asian (non-Hispanic)
AW23788726995,45,1,50000,Master's degree,Asian (non-Hispanic)
AW31854573913,32,0,70000,Some college,White (non-Hispanic)
AW34063361105,35,0,30000,High school,White (non-Hispanic)
AW37519666501,45,1,90000,Bachelor's degree,White (non-Hispanic)
AW53462847092,45,0,115000,Some college,White (non-Hispanic)
AW23445693266,38,1,135000,Master's degree,White (non-Hispanic)
AW48148094209,22,0,30000,Bachelor's degree,Hispanic (any race)
AW20511054222,31,1,10000,Bachelor's degree,White (non-Hispanic)
AW12657406900,45,1,70000,Bachelor's degree,White (non-Hispanic)
AW63885526047,40,1,90000,Doctoral degree,White (non-Hispanic)
AW46178564802,49,1,70000,Some college,White (non-Hispanic)
AW47608636816,53,0,10000,Some college,White (non-Hispanic)
AW51358612966,29,0,90000,Bachelor's degree,White (non-Hispanic)
AW52736095070,22,1,225000,Bachelor's degree,Asian (non-Hispanic)
AW46725963215,35,1,30000,Some college,Black (non-Hispanic)
AW40832515124,31,0,50000,Some college,Black (non-Hispanic)
AW45893759714,34,0,30000,Some college,White (non-Hispanic)
AW17091125596,37,0,30000,Some college,White (non-Hispanic)
AW8286160315,29,1,10000,Some college,Hispanic (any race)
AW52361438139,36,1,70000,Bachelor's degree,White (non-Hispanic)
AW34733419754,35,0,70000,Some college,White (non-Hispanic)
AW43411237017,65,0,50000,Some college,White (non-Hispanic)
AW39505859709,45,1,70000,Bachelor's degree,White (non-Hispanic)
AW20546342059,37,0,125000,Master's degree,White (non-Hispanic)
AW51706963878,35,0,30000,Some college,White (non-Hispanic)
AW2334246047,26,0,10000,High school,White (non-Hispanic)
AW64858572964,35,0,90000,Bachelor's degree,Multiracial
AW25972767329,24,0,30000,Some college,Black (non-Hispanic)
AW29958837726,31,0,70000,Bachelor's degree,Black (non-Hispanic)
AW13793022956,20,1,50000,Some college,White (non-Hispanic)
AW22808398732,24,1,10000,Some college,White (non-Hispanic)
AW45890703776,42,1,225000,Bachelor's degree,White (non-Hispanic)
AW66393531203,32,0,70000,Some college,White (non-Hispanic)
AW38191895767,62,0,105000,Bachelor's degree,Hispanic (any race)
AW59815167559,30,1,70000,Master's degree,White (non-Hispanic)
AW11337584760,56,0,10000,Some college,White (non-Hispanic)
AW39864643587,27,1,30000,Some college,White (non-Hispanic)
AW17817378495,30,1,50000,Bachelor's degree,Asian (non-Hispanic)
AW64834337797,48,1,50000,Some college,White (non-Hispanic)
AW67857183923,37,0,70000,Master's degree,White (non-Hispanic)
AW7787933216,55,1,30000,Bachelor's degree,White (non-Hispanic)
AW35629384190,55,1,90000,Bachelor's degree,White (non-Hispanic)
AW5195529139,26,0,50000,Bachelor's degree,White (non-Hispanic)
AW22786990707,57,0,175000,Master's degree,White (non-Hispanic)
AW15462498012,27,1,10000,Bachelor's degree,White (non-Hispanic)
AW3586350515,44,0,50000,Bachelor's degree,White (non-Hispanic)
AW50591029193,29,0,30000,Bachelor's degree,White (non-Hispanic)
AW4303029272,65,1,10000,Some college,White (non-Hispanic)
AW36788261820,48,0,10000,Bachelor's degree,White (non-Hispanic)
AW9622509677,35,0,125000,Bachelor's degree,Hispanic (any race)
AW34114370195,35,1,90000,Graduate degree,White (non-Hispanic)
AW26045489880,24,1,125000,Bachelor's degree,Asian (non-Hispanic)
AW4049882420,32,1,30000,Some college,White (non-Hispanic)
AW26055217697,38,0,10000,Bachelor's degree,White (non-Hispanic)
AW66361938234,33,0,125000,Bachelor's degree,White (non-Hispanic)
AW63245505763,24,1,30000,High school,Hispanic (any race)
AW27609432238,55,1,50000,Some college,White (non-Hispanic)
AW60708482408,35,1,30000,High school,White (non-Hispanic)
AW17880104485,43,0,50000,High school,White (non-Hispanic)
AW7616130487,61,0,70000,Some college,White (non-Hispanic)
AW22335815317,21,0,30000,High school,Multiracial
AW62380922640,45,0,50000,Bachelor's degree,Multiracial
AW37693449022,24,0,50000,Some college,White (non-Hispanic)
AW2483583738,24,0,50000,Graduate degree,White (non-Hispanic)
AW59360605776,45,0,90000,Bachelor's degree,White (non-Hispanic)
AW34006309239,44,1,30000,Bachelor's degree,Black (non-Hispanic)
AW24815995503,39,0,50000,Bachelor's degree,White (non-Hispanic)
AW57891918050,54,0,10000,Some college,White (non-Hispanic)
AW6491625729,29,0,30000,Bachelor's degree,White (non-Hispanic)
AW37480049185,35,0,90000,Bachelor's degree,Asian (non-Hispanic)
AW36692557032,39,1,10000,Some college,Black (non-Hispanic)
AW32945620344,36,0,10000,Some college,White (non-Hispanic)
AW35019700126,22,0,70000,Some college,White (non-Hispanic)
AW1924917902,45,0,30000,Bachelor's degree,White (non-Hispanic)
AW62559026780,23,1,145000,High school,Hispanic (any race)
AW28801131020,24,0,105000,Bachelor's degree,White (non-Hispanic)
AW65410386322,28,0,10000,Some college,White (non-Hispanic)
AW52087379362,37,0,70000,Master's degree,Asian (non-Hispanic)
AW8675345822,35,0,10000,Some college,White (non-Hispanic)
AW17784884498,42,0,50000,Bachelor's degree,White (non-Hispanic)
AW38852357042,24,1,10000,Some college,Hispanic (any race)
AW25781502277,66,0,30000,Some college,White (non-Hispanic)
AW50347653396,35,0,50000,Some college,Black (non-Hispanic)
AW52044760140,45,1,125000,Bachelor's degree,White (non-Hispanic)
AW16949097763,36,1,10000,Bachelor's degree,White (non-Hispanic)
AW51661323838,24,0,10000,Some college,White (non-Hispanic)
AW49493276587,31,1,70000,Bachelor's degree,White (non-Hispanic)
AW19143395790,35,1,125000,Graduate degree,Asian (non-Hispanic)
AW13228891173,30,1,145000,Bachelor's degree,White (non-Hispanic)
AW46083849318,62,0,50000,Some college,White (non-Hispanic)
AW32132165422,32,0,90000,Master's degree,Asian (non-Hispanic)
AW3938155568,35,0,30000,Some college,White (non-Hispanic)
AW62399141894,24,1,50000,Bachelor's degree,White (non-Hispanic)
AW32457765874,45,0,50000,Bachelor's degree,White (non-Hispanic)
AW2747905599,52,1,145000,Bachelor's degree,White (non-Hispanic)
AW645421547,53,1,10000,Some college,White (non-Hispanic)
AW38547077446,54,0,70000,Some college,Other
AW8113232748,24,0,50000,Bachelor's degree,White (non-Hispanic)
AW31146417178,46,0,10000,Some college,White (non-Hispanic)
AW27326898509,24,1,10000,High school,Hispanic (any race)
AW57490415496,45,0,30000,Bachelor's degree,White (non-Hispanic)
AW11293289743,55,0,50000,Some college,White (non-Hispanic)
AW25737981852,26,1,50000,Bachelor's degree,Black (non-Hispanic)
AW51376667250,43,0,145000,Bachelor's degree,White (non-Hispanic)
AW34624491196,24,0,70000,Bachelor's degree,White (non-Hispanic)
AW65712877346,45,0,70000,Bachelor's degree,White (non-Hispanic)
AW59679454063,28,1,50000,Some college,Black (non-Hispanic)
AW41244696924,26,0,30000,Some college,White (non-Hispanic)
AW27109030601,30,1,70000,Bachelor's degree,White (non-Hispanic)
AW46804207222,22,0,50000,Some college,White (non-Hispanic)
AW59496747291,28,0,50000,Bachelor's degree,White (non-Hispanic)
AW21036927635,45,0,90000,Bachelor's degree,Black (non-Hispanic)
AW61222244963,30,0,70000,Master's degree,Asian (non-Hispanic)
AW52126972469,45,0,125000,Some college,White (non-Hispanic)
AW2047906864,33,0,50000,Bachelor's degree,White (non-Hispanic)
AW3498629548,29,1,115000,Bachelor's degree,Black (non-Hispanic)
AW12732736817,40,1,30000,High school,Black (non-Hispanic)
AW53697262880,57,0,10000,Some college,White (non-Hispanic)
AW61020564743,34,0,10000,Some college,Other
AW33487823142,56,1,50000,Bachelor's degree,White (non-Hispanic)
AW39265346208,65,1,30000,Graduate degree,White (non-Hispanic)
AW4537829489,30,1,90000,Master's degree,White (non-Hispanic)
AW21225927250,35,1,50000,Bachelor's degree,Hispanic (any race)
AW50908304364,30,1,30000,Bachelor's degree,Hispanic (any race)
AW55234651249,19,1,30000,Some college,Hispanic (any race)
AW32061724282,35,0,90000,Bachelor's degree,Black (non-Hispanic)
AW26693210113,45,0,90000,Some college,Multiracial
AW20211380699,47,1,90000,Some college,White (non-Hispanic)
AW43665849682,20,0,50000,Some college,Hispanic (any race)
AW27328111397,30,0,30000,Bachelor's degree,White (non-Hispanic)
AW47440454614,35,1,10000,Bachelor's degree,White (non-Hispanic)
AW23320138131,28,0,70000,Less than high school,Hispanic (any race)
AW26294719866,37,0,70000,Bachelor's degree,White (non-Hispanic)
AW67034782518,30,1,115000,Bachelor's degree,White (non-Hispanic)
AW47644096118,56,0,90000,Bachelor's degree,Black (non-Hispanic)
AW1697718720,25,1,30000,High school,Hispanic (any race)
AW49982269175,35,1,105000,Some college,White (non-Hispanic)
AW32371915818,35,1,50000,Bachelor's degree,White (non-Hispanic)
AW66462224771,45,1,125000,Bachelor's degree,White (non-Hispanic)
AW19136571236,47,1,50000,Some college,White (non-Hispanic)
AW27695606524,29,0,50000,Some college,White (non-Hispanic)
AW40188981826,63,0,50000,Bachelor's degree,White (non-Hispanic)
AW26587437600,43,0,195000,Bachelor's degree,White (non-Hispanic)
AW34495464973,23,1,155000,Bachelor's degree,White (non-Hispanic)
AW11304403527,19,1,50000,Some college,White (non-Hispanic)
AW30115322601,26,1,30000,Some college,Asian (non-Hispanic)
AW32291761362,25,1,70000,Some college,White (non-Hispanic)
AW13349129267,43,1,10000,Some college,White (non-Hispanic)
AW12303971641,35,0,10000,Bachelor's degree,White (non-Hispanic)
AW39254249886,61,0,70000,Master's degree,White (non-Hispanic)
AW59863579029,36,1,175000,Master's degree,Asian (non-Hispanic)
AW18335741541,31,0,105000,Doctoral degree,White (non-Hispanic)
AW68480623262,29,1,70000,Bachelor's degree,Asian (non-Hispanic)
AW7133616665,33,1,30000,Less than high school,White (non-Hispanic)
AW14568987852,26,1,30000,Bachelor's degree,White (non-Hispanic)
AW11670951462,43,1,70000,Bachelor's degree,White (non-Hispanic)
AW61061479235,45,1,50000,Bachelor's degree,Asian (non-Hispanic)
AW57584443948,29,1,50000,Bachelor's degree,White (non-Hispanic)
AW67807369430,45,1,50000,Graduate degree,White (non-Hispanic)
AW55059820541,29,1,30000,Some college,White (non-Hispanic)
AW23569250927,45,1,50000,Graduate degree,White (non-Hispanic)
AW58902181961,34,1,30000,Some college,White (non-Hispanic)
AW19166646184,62,1,50000,Master's degree,White (non-Hispanic)
AW3526274620,49,0,145000,Bachelor's degree,White (non-Hispanic)
AW40106077328,45,1,50000,Bachelor's degree,White (non-Hispanic)
AW54321287823,35,0,30000,Some college,White (non-Hispanic)
AW58037423416,38,0,175000,Master's degree,White (non-Hispanic)
AW61097286106,64,0,10000,Some college,Black (non-Hispanic)
AW21896877871,28,1,50000,Some college,White (non-Hispanic)
AW15622380065,24,0,50000,Bachelor's degree,White (non-Hispanic)
AW63424035017,30,0,90000,Some college,White (non-Hispanic)
AW14356217468,32,0,90000,Bachelor's degree,White (non-Hispanic)
AW44319528037,19,1,145000,Some college,White (non-Hispanic)
AW15386950057,45,1,50000,Some college,Black (non-Hispanic)
AW60907461551,25,0,30000,Some college,Hispanic (any race)
AW28600225358,33,1,90000,Master's degree,White (non-Hispanic)
AW42330289928,55,0,70000,Some college,Asian (non-Hispanic)
AW28680027546,38,0,70000,Some college,White (non-Hispanic)
AW23020288469,31,0,70000,Doctoral degree,White (non-Hispanic)
AW32141275921,51,0,30000,High school,White (non-Hispanic)
AW27657721810,28,0,30000,Bachelor's degree,Hispanic (any race)
AW12480492926,61,0,90000,Bachelor's degree,White (non-Hispanic)
AW65000981538,35,1,30000,Bachelor's degree,White (non-Hispanic)
AW65996136094,53,1,50000,Some college,White (non-Hispanic)
AW15914973759,25,1,30000,High school,White (non-Hispanic)
AW2099309200,65,0,50000,Some college,White (non-Hispanic)
AW4192404525,30,0,30000,Some college,Hispanic (any race)
AW8910380196,65,0,125000,Bachelor's degree,White (non-Hispanic)
AW19604855293,30,1,10000,High school,White (non-Hispanic)
AW62672920840,35,1,10000,Some college,White (non-Hispanic)
AW35556238327,39,0,50000,Some college,Black (non-Hispanic)
AW15691385886,27,0,70000,Master's degree,White (non-Hispanic)
AW51763188420,51,0,125000,Master's degree,White (non-Hispanic)
AW19905449219,61,0,30000,,White (non-Hispanic)
AW42539249525,45,0,50000,Graduate degree,White (non-Hispanic)
AW68689880742,20,0,105000,Some college,White (non-Hispanic)
AW15256378426,60,0,50000,Bachelor's degree,White (non-Hispanic)
AW16075703885,27,0,30000,Bachelor's degree,White (non-Hispanic)
AW3807190543,24,0,10000,Bachelor's degree,White (non-Hispanic)
AW4512849413,34,0,70000,Some college,White (non-Hispanic)
AW58937993820,44,0,50000,Some college,White (non-Hispanic)
AW23639129260,35,0,70000,High school,Hispanic (any race)
AW9961673406,26,1,50000,Bachelor's degree,White (non-Hispanic)
AW9418904597,35,1,10000,High school,White (non-Hispanic)
AW12162336629,29,0,30000,Some college,White (non-Hispanic)
AW48725270241,24,1,90000,Some college,Black (non-Hispanic)
AW34256987435,44,0,30000,Some college,White (non-Hispanic)
AW55378152353,45,0,90000,Some college,White (non-Hispanic)
AW18997942128,30,1,30000,High school,White (non-Hispanic)
AW28155314855,35,0,50000,High school,White (non-Hispanic)
AW36685708723,33,1,50000,Bachelor's degree,White (non-Hispanic)
AW32060505027,21,0,225000,Some college,White (non-Hispanic)
AW62795227570,30,0,50000,Bachelor's degree,White (non-Hispanic)
AW36562114477,35,1,10000,Some college,Asian (non-Hispanic)
AW46857563534,30,0,70000,Master's degree,White (non-Hispanic)
AW55862116603,55,1,30000,Bachelor's degree,White (non-Hispanic)
AW25838530320,63,0,50000,Bachelor's degree,White (non-Hispanic)
AW45173132524,42,1,125000,Master's degree,Asian (non-Hispanic)
AW28157256855,34,1,10000,High school,Asian (non-Hispanic)
AW11646068549,26,0,135000,Some college,White (non-Hispanic)
AW20434529813,24,1,70000,Bachelor's degree,White (non-Hispanic)
AW41843016562,35,0,125000,Bachelor's degree,Asian (non-Hispanic)
AW47091703048,27,1,30000,High school,White (non-Hispanic)
AW11014374603,59,0,50000,Some college,White (non-Hispanic)
AW62879286873,20,0,185000,Some college,Asian (non-Hispanic)
AW29877992390,34,0,30000,High school,White (non-Hispanic)
AW35136186184,45,1,50000,Some college,White (non-Hispanic)
AW61011627493,30,1,70000,Bachelor's degree,White (non-Hispanic)
AW39403203025,24,1,50000,Bachelor's degree,White (non-Hispanic)
AW21581995714,35,0,30000,Some college,White (non-Hispanic)
AW8846479287,58,1,10000,Some college,White (non-Hispanic)
AW24378535253,24,1,30000,Some college,White (non-Hispanic)
AW63240310408,55,0,125000,Graduate degree,White (non-Hispanic)
AW13380501976,28,1,70000,Master's degree,White (non-Hispanic)
AW68464925359,45,0,10000,Some college,White (non-Hispanic)
AW7129975068,35,1,10000,Bachelor's degree,Asian (non-Hispanic)
AW4912600054,31,1,10000,Some college,White (non-Hispanic)
AW60419543410,26,0,50000,Bachelor's degree,White (non-Hispanic)
AW29603413570,42,0,30000,Master's degree,White (non-Hispanic)
AW9792414598,39,0,70000,Bachelor's degree,Black (non-Hispanic)
AW27703150283,39,0,50000,Bachelor's degree,White (non-Hispanic)
AW44833637160,55,1,10000,Bachelor's degree,White (non-Hispanic)
AW36124842948,25,0,70000,Some college,White (non-Hispanic)
AW25121763538,44,0,70000,Master's degree,White (non-Hispanic)
AW20138225019,35,0,125000,Bachelor's degree,White (non-Hispanic)
AW23100419136,35,0,125000,Bachelor's degree,White (non-Hispanic)
AW3293007111,24,0,10000,Some college,White (non-Hispanic)
AW53532223825,41,1,50000,High school,White (non-Hispanic)
AW43798717498,28,0,30000,Bachelor's degree,White (non-Hispanic)
AW64181828832,24,0,195000,Bachelor's degree,Asian (non-Hispanic)
AW25860323818,28,0,30000,Bachelor's degree,White (non-Hispanic)
AW20659795142,45,1,50000,Graduate degree,White (non-Hispanic)
AW5666643732,24,1,50000,High school,White (non-Hispanic)
AW32220620887,43,0,70000,Master's degree,White (non-Hispanic)
AW50925472314,45,1,30000,High school,White (non-Hispanic)
AW12304849390,21,1,10000,Some college,Multiracial
AW25504838278,35,0,50000,Bachelor's degree,White (non-Hispanic)
AW43662514057,32,0,70000,Master's degree,White (non-Hispanic)
AW32067287557,46,0,10000,Bachelor's degree,White (non-Hispanic)
AW17078260842,60,0,30000,Some college,White (non-Hispanic)
AW67603069240,28,0,70000,Some college,White (non-Hispanic)
AW20581287611,32,0,30000,Some college,Black (non-Hispanic)
AW16392868038,24,1,10000,Some college,White (non-Hispanic)
AW23502427712,24,1,10000,High school,White (non-Hispanic)
AW53013867369,31,0,50000,Some college,White (non-Hispanic)
AW48298995485,25,0,30000,Some college,White (non-Hispanic)
AW60577590013,48,1,70000,Some college,White (non-Hispanic)
AW25860262726,45,0,70000,Some college,White (non-Hispanic)
AW34845053847,33,0,90000,Some college,White (non-Hispanic)
AW41721017506,29,0,70000,Master's degree,Hispanic (any race)
AW52249957000,54,0,10000,Bachelor's degree,White (non-Hispanic)
AW2782063395,33,0,30000,Some college,White (non-Hispanic)
AW14572080317,24,0,30000,Some college,White (non-Hispanic)
AW16279344563,32,0,90000,Master's degree,White (non-Hispanic)
AW19539023895,35,1,50000,Bachelor's degree,Black (non-Hispanic)
AW12626694065,34,0,50000,Bachelor's degree,White (non-Hispanic)
AW2965793354,39,1,50000,Some college,White (non-Hispanic)
AW38562762326,28,1,50000,Bachelor's degree,White (non-Hispanic)
AW55123804808,38,0,30000,Some college,White (non-Hispanic)
AW61354106176,24,1,30000,Bachelor's degree,Asian (non-Hispanic)
AW13192404518,47,1,50000,Bachelor's degree,White (non-Hispanic)
AW31525569086,66,0,30000,Some college,White (non-Hispanic)
AW10684824993,24,1,50000,High school,Asian (non-Hispanic)
AW32835572558,30,1,10000,Some college,White (non-Hispanic)
AW38701174442,75,0,30000,High school,White (non-Hispanic)
AW29697368303,34,0,50000,Bachelor's degree,White (non-Hispanic)
AW32772587358,55,0,90000,Some college,White (non-Hispanic)
AW40287752257,55,1,50000,Some college,White (non-Hispanic)
AW52403681388,24,1,10000,High school,Black (non-Hispanic)
AW65678588566,24,0,50000,Some college,Multiracial
AW41068155463,45,1,50000,Bachelor's degree,White (non-Hispanic)
AW15673922226,24,1,30000,Some college,Black (non-Hispanic)
AW33357813353,55,0,30000,Bachelor's degree,White (non-Hispanic)
AW29728785099,32,0,50000,Some college,White (non-Hispanic)
AW51854132541,28,1,30000,Bachelor's degree,Asian (non-Hispanic)
AW62248626377,35,0,50000,Bachelor's degree,White (non-Hispanic)
AW33470031392,41,1,90000,Bachelor's degree,White (non-Hispanic)
AW39506122443,24,1,30000,Bachelor's degree,White (non-Hispanic)
AW36897244041,37,0,30000,Some college,Hispanic (any race)
AW48868238625,61,0,50000,Bachelor's degree,White (non-Hispanic)
AW54638800877,49,0,90000,Doctoral degree,Asian (non-Hispanic)
AW47811962812,65,0,10000,Some college,White (non-Hispanic)
AW55697599894,28,0,30000,Some college,Hispanic (any race)
AW52554473379,54,1,90000,Bachelor's degree,White (non-Hispanic)
AW35579489109,30,0,90000,Some college,White (non-Hispanic)
AW16263320985,54,1,30000,Some college,White (non-Hispanic)
AW31459758141,34,0,90000,Bachelor's degree,White (non-Hispanic)
AW33526883657,28,1,10000,High school,Hispanic (any race)
AW29612355040,41,1,50000,Doctoral degree,White (non-Hispanic)
AW7444633631,31,0,50000,Bachelor's degree,Other
AW67834729767,37,1,70000,Some college,White (non-Hispanic)
AW33957919265,52,0,30000,Bachelor's degree,White (non-Hispanic)
AW15629436569,27,1,145000,Some college,White (non-Hispanic)
AW26618536029,47,1,10000,Some college,Asian (non-Hispanic)
AW50575755912,26,0,50000,Some college,White (non-Hispanic)
AW56596112813,25,1,50000,Bachelor's degree,White (non-Hispanic)
AW49381922443,34,0,50000,Some college,White (non-Hispanic)
AW49767363607,23,0,30000,Some college,White (non-Hispanic)
AW66646724712,33,0,30000,Some college,White (non-Hispanic)
AW14070474899,27,0,30000,Bachelor's degree,Asian (non-Hispanic)
AW14136262064,26,1,50000,Bachelor's degree,White (non-Hispanic)
AW40148473635,30,0,70000,High school,White (non-Hispanic)
AW40645606220,24,1,70000,Some college,White (non-Hispanic)
AW14080492432,40,0,50000,Bachelor's degree,White (non-Hispanic)
AW57885573501,55,0,125000,Bachelor's degree,White (non-Hispanic)
AW19753140045,50,0,50000,Some college,White (non-Hispanic)
AW31214113897,37,0,70000,Bachelor's degree,White (non-Hispanic)
AW19972596411,34,0,50000,Bachelor's degree,Black (non-Hispanic)
AW12112288477,45,0,70000,Bachelor's degree,White (non-Hispanic)
AW3409400705,39,1,10000,Some college,White (non-Hispanic)
AW30651647040,55,0,30000,Graduate degree,White (non-Hispanic)
AW66210729489,55,1,90000,Graduate degree,White (non-Hispanic)
AW11508507600,35,0,50000,Some college,White (non-Hispanic)
AW54233583633,39,0,50000,Bachelor's degree,Black (non-Hispanic)
AW15942974459,49,0,10000,Some college,White (non-Hispanic)
AW6387151647,42,1,70000,Some college,White (non-Hispanic)
AW11123986864,42,1,70000,Some college,White (non-Hispanic)
AW13446479149,67,1,90000,Bachelor's degree,White (non-Hispanic)
AW1077924677,22,1,70000,Bachelor's degree,White (non-Hispanic)
AW68025834293,20,1,30000,Some college,Hispanic (any race)
AW15107016482,22,0,50000,Some college,Hispanic (any race)
AW46339872505,35,1,70000,Some college,White (non-Hispanic)
AW57337775524,36,1,30000,Bachelor's degree,White (non-Hispanic)
AW29946900968,41,0,50000,Bachelor's degree,White (non-Hispanic)
AW46524145375,22,0,30000,Bachelor's degree,White (non-Hispanic)
AW32820848959,34,0,50000,Master's degree,White (non-Hispanic)
AW37067654130,27,0,30000,Some college,White (non-Hispanic)
AW12169940080,30,1,70000,Some college,White (non-Hispanic)
AW43323984347,28,1,145000,Some college,White (non-Hispanic)
AW41040436312,55,0,30000,Bachelor's degree,White (non-Hispanic)
AW54598424092,35,1,50000,Bachelor's degree,White (non-Hispanic)
AW21461209363,55,1,90000,Some college,White (non-Hispanic)
AW61554323752,45,0,90000,Graduate degree,White (non-Hispanic)
AW46747236147,19,1,225000,Some college,Asian (non-Hispanic)
AW10192560152,43,1,125000,Bachelor's degree,White (non-Hispanic)
AW54786471681,42,0,70000,Master's degree,White (non-Hispanic)
AW38755806013,24,1,125000,Graduate degree,Asian (non-Hispanic)
AW63902522408,32,1,70000,High school,White (non-Hispanic)
AW45542809206,40,1,30000,Some college,White (non-Hispanic)
AW42259678698,25,1,30000,Bachelor's degree,White (non-Hispanic)
AW61823664692,31,1,30000,Some college,White (non-Hispanic)
AW51224549220,49,1,90000,Master's degree,Asian (non-Hispanic)
AW57422322136,46,1,125000,Bachelor's degree,White (non-Hispanic)
AW37832584809,24,0,105000,Bachelor's degree,Multiracial
AW63315326172,27,0,50000,Some college,White (non-Hispanic)
AW16603428362,30,1,30000,High school,White (non-Hispanic)
AW50706474507,36,1,115000,Some college,White (non-Hispanic)
AW66644349150,29,1,10000,Bachelor's degree,White (non-Hispanic)
AW59169280275,28,1,70000,Master's degree,White (non-Hispanic)
AW66702469461,29,1,105000,Bachelor's degree,Asian (non-Hispanic)
AW2723072746,35,0,30000,Bachelor's degree,White (non-Hispanic)
AW20419998057,32,1,50000,High school,White (non-Hispanic)
AW38173445976,35,1,70000,Graduate degree,White (non-Hispanic)
AW53938631492,24,0,90000,Bachelor's degree,Black (non-Hispanic)
AW583266752,46,0,70000,Master's degree,White (non-Hispanic)
AW25267044423,45,0,90000,Bachelor's degree,Multiracial
AW21519524373,51,1,115000,Bachelor's degree,Hispanic (any race)
AW29079084818,26,0,10000,Some college,White (non-Hispanic)
AW18195477523,35,1,10000,Bachelor's degree,White (non-Hispanic)
AW8101051290,47,0,90000,Some college,White (non-Hispanic)
AW24779354479,30,0,10000,Some college,Hispanic (any race)
AW31584415212,23,1,90000,Bachelor's degree,White (non-Hispanic)
AW15138730158,67,0,70000,Bachelor's degree,White (non-Hispanic)
AW8938596735,21,0,30000,Some college,White (non-Hispanic)
AW43771125629,24,1,70000,Bachelor's degree,White (non-Hispanic)
AW42971371751,40,0,90000,Bachelor's degree,White (non-Hispanic)
AW38572233676,24,0,10000,High school,White (non-Hispanic)
AW134857308,56,0,90000,Bachelor's degree,Asian (non-Hispanic)
AW34068728583,34,1,30000,Some college,White (non-Hispanic)
AW32494532232,44,0,90000,Some college,Hispanic (any race)
AW1466569978,45,1,10000,Some college,Multiracial
AW44847673673,69,0,30000,Bachelor's degree,White (non-Hispanic)
AW15659269266,31,0,50000,Bachelor's degree,Asian (non-Hispanic)
AW23167614993,24,1,50000,Bachelor's degree,White (non-Hispanic)
AW44142945473,29,0,30000,Some college,White (non-Hispanic)
AW26054269579,32,0,30000,Some college,White (non-Hispanic)
AW40219186336,60,1,10000,Bachelor's degree,White (non-Hispanic)
AW46503412600,37,0,90000,Some college,White (non-Hispanic)
AW28841508423,41,0,70000,Bachelor's degree,Black (non-Hispanic)
AW1401044194,29,1,10000,Some college,White (non-Hispanic)
AW41542609027,24,0,50000,High school,White (non-Hispanic)
AW25442600628,24,1,30000,Some college,White (non-Hispanic)
AW34928096482,35,1,10000,High school,White (non-Hispanic)
AW25188885606,31,0,30000,Master's degree,White (non-Hispanic)
AW56006660360,52,1,70000,Master's degree,White (non-Hispanic)
AW42895508188,35,1,125000,Graduate degree,White (non-Hispanic)
AW40308886634,19,0,90000,Some college,Black (non-Hispanic)
AW61579352119,35,0,30000,High school,White (non-Hispanic)
AW64549589396,33,1,30000,Some college,White (non-Hispanic)
AW56907849682,65,0,50000,Graduate degree,White (non-Hispanic)
AW45767370763,44,0,30000,Bachelor's degree,White (non-Hispanic)
AW4659019880,24,1,50000,Bachelor's degree,Asian (non-Hispanic)
AW64453227428,36,1,30000,Some college,Hispanic (any race)
AW36553855477,35,0,10000,Bachelor's degree,White (non-Hispanic)
AW35551728121,45,0,70000,Bachelor's degree,White (non-Hispanic)
AW30692709530,27,1,70000,Bachelor's degree,White (non-Hispanic)
AW41777566694,55,0,70000,Bachelor's degree,White (non-Hispanic)
AW28469351650,30,0,50000,Master's degree,White (non-Hispanic)
AW12654865469,24,0,30000,Bachelor's degree,White (non-Hispanic)
AW51287067720,31,1,125000,Master's degree,White (non-Hispanic)
AW59937619931,31,1,30000,Bachelor's degree,White (non-Hispanic)
AW65276883104,25,0,50000,Some college,Hispanic (any race)
AW41345263703,25,0,10000,Some college,Hispanic (any race)
AW11040109960,35,0,50000,Bachelor's degree,White (non-Hispanic)
AW68323156292,30,0,70000,Master's degree,White (non-Hispanic)
AW8235883778,24,1,70000,Some college,White (non-Hispanic)
AW51362869014,51,0,10000,Bachelor's degree,White (non-Hispanic)
AW39290602986,33,0,115000,Master's degree,White (non-Hispanic)
AW52871913260,35,1,10000,Some college,White (non-Hispanic)
AW63359337994,24,1,90000,Bachelor's degree,White (non-Hispanic)
AW17916844694,34,0,30000,Some college,Black (non-Hispanic)
AW46765062721,62,0,30000,Bachelor's degree,White (non-Hispanic)
AW59539805060,55,0,10000,Some college,White (non-Hispanic)
AW6490494800,27,0,30000,Some college,White (non-Hispanic)
AW53852515222,24,0,50000,Some college,White (non-Hispanic)
AW36489021268,45,1,125000,Some college,White (non-Hispanic)
AW7906612759,36,1,50000,Some college,White (non-Hispanic)
AW53741545270,25,0,10000,Some college,Black (non-Hispanic)
AW24553316700,53,1,175000,Master's degree,White (non-Hispanic)
AW4977355848,51,0,50000,Bachelor's degree,White (non-Hispanic)
AW4499684667,35,1,30000,Bachelor's degree,Black (non-Hispanic)
AW61268999369,34,0,10000,Bachelor's degree,Hispanic (any race)
AW35921869969,26,1,90000,Bachelor's degree,Asian (non-Hispanic)
AW20575384512,31,1,30000,Bachelor's degree,White (non-Hispanic)
AW49353598231,45,1,70000,Bachelor's degree,White (non-Hispanic)
AW23815810377,21,0,175000,Some college,White (non-Hispanic)
AW44076592208,39,1,90000,High school,White (non-Hispanic)
AW23868693483,35,0,125000,Bachelor's degree,White (non-Hispanic)
AW48464172031,24,0,90000,Graduate degree,Black (non-Hispanic)
AW36815036480,34,0,50000,Bachelor's degree,White (non-Hispanic)
AW41434137901,24,0,30000,High school,Other
AW6813566177,29,1,70000,Bachelor's degree,Black (non-Hispanic)
AW61889067176,31,1,30000,Bachelor's degree,Asian (non-Hispanic)
AW54529720755,45,0,125000,Bachelor's degree,White (non-Hispanic)
AW13963816281,30,1,50000,Bachelor's degree,White (non-Hispanic)
AW11725716091,62,0,30000,High school,Black (non-Hispanic)
AW62420555855,49,0,90000,Bachelor's degree,White (non-Hispanic)
AW33694463923,60,1,70000,Master's degree,White (non-Hispanic)
AW24319553884,27,0,30000,Doctoral degree,Black (non-Hispanic)
AW20387262845,51,0,70000,Bachelor's degree,Asian (non-Hispanic)
AW25681768697,26,1,275000,Doctoral degree,White (non-Hispanic)
AW38561979660,41,0,30000,Bachelor's degree,Black (non-Hispanic)
AW23057920783,35,0,90000,Bachelor's degree,White (non-Hispanic)
AW35065551851,25,0,50000,Bachelor's degree,White (non-Hispanic)
AW35550357054,37,0,70000,Some college,Multiracial
AW67383940558,36,0,50000,Bachelor's degree,White (non-Hispanic)
AW21522009655,47,1,30000,Bachelor's degree,White (non-Hispanic)
AW50580840524,51,1,30000,High school,White (non-Hispanic)
AW49398948619,57,0,50000,Bachelor's degree,Multiracial
AW53628350887,29,1,125000,Master's degree,Black (non-Hispanic)
AW59711608345,46,0,105000,Bachelor's degree,White (non-Hispanic)
AW13035993857,27,0,30000,Some college,Black (non-Hispanic)
AW16170482528,35,1,50000,High school,White (non-Hispanic)
AW51328265511,25,1,30000,Some college,White (non-Hispanic)
AW38396827404,34,0,105000,Master's degree,Hispanic (any race)
AW51393585445,49,0,70000,Bachelor's degree,White (non-Hispanic)
AW11013875454,34,0,70000,Master's degree,Black (non-Hispanic)
AW40198125962,49,0,70000,Bachelor's degree,White (non-Hispanic)
AW24266445053,24,1,10000,Some college,Hispanic (any race)
AW19925400637,29,0,30000,Bachelor's degree,White (non-Hispanic)
AW7015785053,23,0,10000,Some college,Black (non-Hispanic)
AW20800376464,23,1,70000,Bachelor's degree,White (non-Hispanic)
AW22108485023,24,1,50000,Bachelor's degree,White (non-Hispanic)
AW8248125509,27,1,70000,Bachelor's degree,White (non-Hispanic)
AW68717681645,26,1,30000,High school,White (non-Hispanic)
AW34300143674,37,1,50000,Some college,White (non-Hispanic)
AW3225471722,48,0,70000,Master's degree,White (non-Hispanic)
AW59280595057,24,0,10000,Bachelor's degree,Asian (non-Hispanic)
AW32291747833,28,1,30000,Bachelor's degree,Asian (non-Hispanic)
AW48751162651,25,1,30000,Some college,White (non-Hispanic)
AW453361696,36,1,90000,Bachelor's degree,White (non-Hispanic)
AW16869338264,29,0,50000,Bachelor's degree,White (non-Hispanic)
AW35454888245,53,1,70000,Bachelor's degree,White (non-Hispanic)
AW39267958990,51,1,90000,Some college,White (non-Hispanic)
AW20618638018,45,0,50000,Bachelor's degree,Asian (non-Hispanic)
AW15073040764,45,0,50000,Some college,Multiracial
AW59762239772,34,0,90000,Bachelor's degree,Hispanic (any race)
AW62586097542,24,0,70000,Bachelor's degree,White (non-Hispanic)
AW21026950588,55,0,50000,Some college,Black (non-Hispanic)
AW27776132746,23,0,30000,Some college,White (non-Hispanic)
AW33925809567,56,0,50000,Bachelor's degree,White (non-Hispanic)
AW62218278544,24,0,50000,Some college,White (non-Hispanic)
AW1083918072,31,0,30000,Some college,White (non-Hispanic)
AW35527142643,37,0,50000,Bachelor's degree,White (non-Hispanic)
AW61014344749,28,0,70000,Some college,White (non-Hispanic)
AW47099518337,24,0,125000,Some college,White (non-Hispanic)
AW5787724708,27,1,30000,Bachelor's degree,White (non-Hispanic)
AW52987230956,27,0,30000,Bachelor's degree,White (non-Hispanic)
AW39844388899,46,0,90000,Some college,White (non-Hispanic)
AW45391334552,27,1,70000,Master's degree,Black (non-Hispanic)
AW37040478490,45,0,125000,Graduate degree,Hispanic (any race)
AW38466020105,40,1,30000,Bachelor's degree,White (non-Hispanic)
AW43821167114,35,1,70000,Bachelor's degree,Hispanic (any race)
AW37049265125,28,1,50000,Some college,White (non-Hispanic)
AW61247801340,32,0,50000,Bachelor's degree,White (non-Hispanic)
AW43874017113,27,1,30000,Some college,White (non-Hispanic)
AW26823824387,32,1,30000,High school,Hispanic (any race)
AW38645143918,35,0,30000,Some college,White (non-Hispanic)
AW25716820673,21,1,115000,Some college,White (non-Hispanic)
AW60689936638,31,0,70000,Bachelor's degree,White (non-Hispanic)
AW28818032415,24,1,125000,Graduate degree,Hispanic (any race)
AW23505874445,35,1,30000,Some college,White (non-Hispanic)
AW12561024063,53,0,70000,Some college,White (non-Hispanic)
AW29885965226,41,0,70000,Bachelor's degree,White (non-Hispanic)
AW2098016200,22,0,50000,Some college,White (non-Hispanic)
AW46153487242,37,1,90000,Master's degree,Black (non-Hispanic)
AW60573053166,55,0,30000,Graduate degree,White (non-Hispanic)
AW8691100386,27,1,10000,Some college,White (non-Hispanic)
AW66684881484,54,1,10000,Some college,White (non-Hispanic)
AW13340128132,41,0,50000,Master's degree,White (non-Hispanic)
AW60367000419,35,0,90000,Doctoral degree,White (non-Hispanic)
AW21662140933,57,1,10000,Bachelor's degree,White (non-Hispanic)
AW68368379188,23,0,50000,Bachelor's degree,White (non-Hispanic)
AW52175986516,31,0,105000,Bachelor's degree,White (non-Hispanic)
AW15333817144,35,0,10000,High school,White (non-Hispanic)
AW30321790879,31,1,50000,Bachelor's degree,White (non-Hispanic)
AW27778936913,28,0,10000,Some college,White (non-Hispanic)
AW28394754088,47,0,105000,High school,White (non-Hispanic)
AW4387714976,24,0,70000,Some college,White (non-Hispanic)
AW68385817102,55,0,30000,High school,White (non-Hispanic)
AW26211264633,26,1,50000,Bachelor's degree,White (non-Hispanic)
AW35922344798,31,1,90000,Bachelor's degree,Hispanic (any race)
AW581504711,34,0,30000,Some college,White (non-Hispanic)
AW55242322256,22,0,70000,Some college,White (non-Hispanic)
AW65786997633,34,0,30000,Bachelor's degree,Multiracial
AW39375482212,21,1,70000,High school,Black (non-Hispanic)
AW61632178556,23,1,105000,Bachelor's degree,Asian (non-Hispanic)
AW8438939048,49,1,70000,Bachelor's degree,Black (non-Hispanic)
AW36861434474,22,0,30000,High school,White (non-Hispanic)
AW26735427459,38,0,145000,Doctoral degree,Black (non-Hispanic)
AW36213581857,55,0,50000,Some college,White (non-Hispanic)
AW61849971972,40,0,30000,Some college,White (non-Hispanic)
AW46549805489,25,1,90000,Bachelor's degree,White (non-Hispanic)
AW44516312900,36,1,10000,Bachelor's degree,White (non-Hispanic)
AW61509826384,20,1,145000,Some college,White (non-Hispanic)
AW18133628136,27,0,90000,Bachelor's degree,Black (non-Hispanic)
AW52661679853,26,1,50000,Some college,White (non-Hispanic)
AW52759247372,24,1,30000,Bachelor's degree,Hispanic (any race)
AW6583661669,27,0,50000,Some college,White (non-Hispanic)
AW8884067267,24,1,105000,Master's degree,White (non-Hispanic)
AW26125285451,32,1,50000,Master's degree,White (non-Hispanic)
AW14232871232,59,0,105000,Some college,White (non-Hispanic)
AW21834209296,35,0,30000,Bachelor's degree,White (non-Hispanic)
AW30352465681,53,0,50000,Bachelor's degree,White (non-Hispanic)
AW35882897301,30,1,50000,Some college,White (non-Hispanic)
AW60288248652,47,0,50000,High school,White (non-Hispanic)
AW43626656279,33,1,70000,Bachelor's degree,White (non-Hispanic)
AW53727746004,50,1,165000,Master's degree,White (non-Hispanic)
AW2627772087,38,0,50000,Bachelor's degree,White (non-Hispanic)
AW52119680416,31,0,50000,Some college,White (non-Hispanic)
AW7481893089,29,0,70000,Bachelor's degree,White (non-Hispanic)
AW17433727018,38,0,70000,Bachelor's degree,White (non-Hispanic)
AW26238370185,24,1,10000,Some college,Hispanic (any race)
AW64334895011,45,0,90000,Some college,White (non-Hispanic)
AW12767882992,37,1,70000,Bachelor's degree,White (non-Hispanic)
AW61271592396,36,0,70000,Bachelor's degree,White (non-Hispanic)
AW56852032325,29,0,50000,Bachelor's degree,White (non-Hispanic)
AW10108518316,29,0,50000,Some college,White (non-Hispanic)
AW33223778564,64,1,30000,Some college,White (non-Hispanic)
AW32099100186,55,0,30000,Bachelor's degree,White (non-Hispanic)
AW33600402737,35,0,30000,Some college,White (non-Hispanic)
AW54412520756,35,0,125000,Bachelor's degree,White (non-Hispanic)
AW38416801970,34,0,90000,Master's degree,White (non-Hispanic)
AW62276383851,33,1,30000,Some college,Black (non-Hispanic)
AW8949251683,60,0,10000,Some college,Black (non-Hispanic)
AW46754909688,38,0,135000,Some college,White (non-Hispanic)
AW9732731740,23,0,90000,High school,Hispanic (any race)
AW51784102297,37,1,30000,Bachelor's degree,White (non-Hispanic)
AW4757452657,25,0,50000,Bachelor's degree,White (non-Hispanic)
AW36583895531,34,1,90000,Master's degree,White (non-Hispanic)
AW10414823617,24,0,50000,Some college,White (non-Hispanic)
AW22873047111,65,0,30000,Bachelor's degree,White (non-Hispanic)
AW2522936575,45,0,50000,Some college,Black (non-Hispanic)
AW66414151848,50,0,10000,Some college,White (non-Hispanic)
AW35994495595,26,1,105000,High school,White (non-Hispanic)
AW54353692945,35,0,10000,Some college,White (non-Hispanic)
AW34579900998,47,0,30000,Bachelor's degree,White (non-Hispanic)
AW18759229081,22,0,90000,Some college,Multiracial
AW17989699699,36,0,145000,Master's degree,White (non-Hispanic)
AW1102142859,21,0,10000,Some college,White (non-Hispanic)
AW48273573413,51,0,10000,Bachelor's degree,White (non-Hispanic)
AW18410481734,24,0,30000,Some college,Hispanic (any race)
AW19913207871,55,0,125000,Graduate degree,White (non-Hispanic)
AW38393527567,65,0,30000,High school,White (non-Hispanic)
AW56173459894,39,1,30000,Some college,White (non-Hispanic)
AW55510042165,54,1,50000,Doctoral degree,White (non-Hispanic)
AW17219186881,35,1,50000,Bachelor's degree,White (non-Hispanic)
AW62901407798,45,0,105000,Doctoral degree,White (non-Hispanic)
AW17899279490,25,0,70000,Bachelor's degree,White (non-Hispanic)
AW29370562641,42,1,145000,Bachelor's degree,White (non-Hispanic)
AW1697007429,55,0,30000,Some college,White (non-Hispanic)
AW23320677601,55,0,70000,Graduate degree,White (non-Hispanic)
AW55924461968,35,1,90000,Graduate degree,White (non-Hispanic)
AW18251571374,35,1,10000,Bachelor's degree,White (non-Hispanic)
AW9003899477,55,1,10000,Some college,White (non-Hispanic)
AW68045988101,45,1,70000,High school,White (non-Hispanic)
AW37975364549,37,0,30000,Some college,White (non-Hispanic)
AW41766238433,24,0,70000,High school,White (non-Hispanic)
AW54447052127,58,0,30000,Some college,White (non-Hispanic)
AW45979247836,34,0,30000,Bachelor's degree,White (non-Hispanic)
AW11319128720,61,1,30000,Some college,White (non-Hispanic)
AW29884480386,63,1,30000,Some college,White (non-Hispanic)
AW57573781258,46,0,70000,Some college,White (non-Hispanic)
AW6189717185,32,0,30000,Bachelor's degree,White (non-Hispanic)
AW60586618171,35,1,125000,Bachelor's degree,White (non-Hispanic)
AW17616681551,27,0,10000,Some college,Black (non-Hispanic)
AW13660008710,34,1,50000,Bachelor's degree,White (non-Hispanic)
AW21217583913,42,1,70000,Some college,White (non-Hispanic)
AW61302883226,23,0,30000,Some college,Multiracial
AW62899636543,24,1,10000,Some college,White (non-Hispanic)
AW32499968475,35,0,10000,Some college,White (non-Hispanic)
AW41952771499,42,0,90000,Some college,White (non-Hispanic)
AW63085397565,35,0,30000,Bachelor's degree,White (non-Hispanic)
AW26709822441,24,1,90000,Bachelor's degree,White (non-Hispanic)
AW4023708384,33,0,90000,Bachelor's degree,White (non-Hispanic)
AW45118067805,50,0,50000,Some college,White (non-Hispanic)
AW33391183343,26,0,10000,Master's degree,White (non-Hispanic)
AW17492897237,24,1,90000,Bachelor's degree,Asian (non-Hispanic)
AW67085939966,65,0,10000,Some college,White (non-Hispanic)
AW46637724590,35,1,50000,Bachelor's degree,White (non-Hispanic)
AW56894258431,68,1,50000,Bachelor's degree,White (non-Hispanic)
AW46739019809,45,0,30000,Some college,Black (non-Hispanic)
AW22520859692,29,1,70000,Bachelor's degree,White (non-Hispanic)
AW39234282672,29,0,30000,Bachelor's degree,White (non-Hispanic)
AW56906752721,35,0,90000,Some college,White (non-Hispanic)
AW53991927348,48,0,90000,Bachelor's degree,White (non-Hispanic)
AW19685354975,25,0,50000,Bachelor's degree,White (non-Hispanic)
AW39947615275,35,0,30000,Bachelor's degree,White (non-Hispanic)
AW61394899588,31,1,70000,Bachelor's degree,White (non-Hispanic)
AW21126474019,23,0,10000,Bachelor's degree,White (non-Hispanic)
AW44202656096,27,0,90000,Bachelor's degree,Asian (non-Hispanic)
AW52473868461,31,1,30000,Master's degree,Hispanic (any race)
AW22096516336,25,1,50000,Some college,White (non-Hispanic)
AW3342217873,27,0,50000,High school,Multiracial
AW54684510116,39,0,70000,High school,White (non-Hispanic)
AW60053589500,40,1,135000,Bachelor's degree,Asian (non-Hispanic)
AW48690097546,28,0,30000,Bachelor's degree,White (non-Hispanic)
AW38636409187,24,0,30000,Less than high school,Multiracial
AW15119220754,46,1,90000,Bachelor's degree,White (non-Hispanic)
AW60904295733,47,0,70000,Bachelor's degree,White (non-Hispanic)
AW49648695960,23,0,50000,Some college,White (non-Hispanic)
AW18795524592,26,1,50000,Bachelor's degree,White (non-Hispanic)
AW37374438454,35,0,70000,Bachelor's degree,White (non-Hispanic)
AW57181539891,54,0,30000,Bachelor's degree,White (non-Hispanic)
AW32135224245,43,1,30000,Bachelor's degree,White (non-Hispanic)
AW65469961170,31,0,30000,Some college,Black (non-Hispanic)
AW37353058315,73,0,30000,Some college,White (non-Hispanic)
AW15553035004,45,1,30000,Some college,White (non-Hispanic)
AW58566561157,35,1,90000,Master's degree,Asian (non-Hispanic)
AW54776853554,35,1,275000,Master's degree,White (non-Hispanic)
AW43758225007,30,0,185000,Bachelor's degree,White (non-Hispanic)
AW51167515342,35,0,30000,Some college,Black (non-Hispanic)
AW6506932398,36,1,90000,Master's degree,White (non-Hispanic)
AW30163138253,21,0,10000,Some college,Black (non-Hispanic)
AW54224103422,34,1,145000,Some college,White (non-Hispanic)
AW37052168974,43,0,70000,Bachelor's degree,Black (non-Hispanic)
AW30248172416,29,0,10000,Bachelor's degree,White (non-Hispanic)
AW21248694898,24,0,30000,Some college,White (non-Hispanic)
AW41501855469,27,0,30000,Some college,White (non-Hispanic)
AW56468146014,24,1,50000,Bachelor's degree,White (non-Hispanic)
AW52733509569,42,0,105000,Bachelor's degree,White (non-Hispanic)
AW62654630353,24,1,30000,Some college,White (non-Hispanic)
AW37253384086,29,1,30000,High school,White (non-Hispanic)
AW36517321144,24,0,125000,Some college,Black (non-Hispanic)
AW32356538455,55,1,70000,Some college,White (non-Hispanic)
AW64431839075,54,0,30000,Some college,Asian (non-Hispanic)
AW19571474328,61,0,70000,Some college,White (non-Hispanic)
AW7896051720,27,0,30000,Doctoral degree,White (non-Hispanic)
AW8162822536,29,1,30000,Some college,Black (non-Hispanic)
AW33701956969,21,1,90000,Some college,White (non-Hispanic)
AW37941285173,26,1,50000,Master's degree,White (non-Hispanic)
AW62493381319,70,1,70000,Some college,White (non-Hispanic)
AW21399985176,35,1,70000,High school,White (non-Hispanic)
AW8175346830,65,0,50000,Some college,White (non-Hispanic)
AW14171905873,38,1,50000,Some college,White (non-Hispanic)
AW58391427937,50,0,30000,Some college,White (non-Hispanic)
AW65223666564,35,1,50000,Graduate degree,White (non-Hispanic)
AW5283431959,35,0,90000,High school,Black (non-Hispanic)
AW33029470942,24,0,50000,Bachelor's degree,White (non-Hispanic)
AW11972448696,36,1,30000,Bachelor's degree,White (non-Hispanic)
AW2734839132,45,0,30000,Less than high school,White (non-Hispanic)
AW30334161760,33,0,50000,Some college,White (non-Hispanic)
AW7137001457,71,0,70000,Doctoral degree,White (non-Hispanic)
AW25743784377,35,1,30000,High school,Black (non-Hispanic)
AW68634621699,41,0,105000,Master's degree,White (non-Hispanic)
AW40582612664,51,0,10000,Some college,White (non-Hispanic)
AW41232332702,33,1,50000,Some college,Black (non-Hispanic)
AW44107182932,23,1,125000,Bachelor's degree,White (non-Hispanic)
AW39328227195,40,0,30000,High school,Black (non-Hispanic)
AW53673063910,29,0,90000,Bachelor's degree,White (non-Hispanic)
AW3435483224,27,0,30000,Bachelor's degree,Black (non-Hispanic)
AW33268466297,23,0,30000,Some college,White (non-Hispanic)
AW62283118398,35,0,90000,Bachelor's degree,White (non-Hispanic)
AW47299652229,34,0,50000,Bachelor's degree,White (non-Hispanic)
AW63587099866,43,0,70000,Bachelor's degree,White (non-Hispanic)
AW11201728006,24,1,90000,Some college,White (non-Hispanic)
AW12846600756,49,1,105000,Bachelor's degree,Hispanic (any race)
AW43353585186,24,0,10000,High school,White (non-Hispanic)
AW62193907616,35,1,70000,Graduate degree,Asian (non-Hispanic)
AW33959029468,30,0,145000,Doctoral degree,White (non-Hispanic)
AW50530024698,50,0,125000,Bachelor's degree,White (non-Hispanic)
AW10083168508,34,0,30000,High school,White (non-Hispanic)
AW36619639890,30,1,10000,Bachelor's degree,White (non-Hispanic)
AW66613882857,53,0,30000,Some college,White (non-Hispanic)
AW46077488565OO,52,0,135000,Some college,White (non-Hispanic)
AW67085939966OO,65,0,10000,Some college,White (non-Hispanic)
AW30624812179OO,60,0,10000,Some college,White (non-Hispanic)
AW30090666292OO,55,0,30000,Bachelor's degree,White (non-Hispanic)
AW7787933216OO,55,1,30000,Bachelor's degree,White (non-Hispanic)
AW57298419622OO,55,0,105000,Some college,White (non-Hispanic)
AW15138730158OO,67,0,70000,Bachelor's degree,White (non-Hispanic)
AW65442338786OO,55,1,30000,Bachelor's degree,White (non-Hispanic)
AW2204403241OO,55,0,30000,Some college,White (non-Hispanic)
AW44814182883OO,61,0,145000,Master's degree,Hispanic (any race)
AW67981390539OO,57,0,90000,Some college,White (non-Hispanic)
AW39531701207OO,65,0,30000,Some college,White (non-Hispanic)
AW38520932381OO,53,0,30000,High school,White (non-Hispanic)
AW56189821000OO,65,0,10000,High school,White (non-Hispanic)
AW25436552802OO,72,0,30000,Bachelor's degree,White (non-Hispanic)
AW16263320985OO,54,1,30000,Some college,White (non-Hispanic)
AW41777566694OO,55,0,70000,Bachelor's degree,White (non-Hispanic)
AW51258968706OO,66,0,30000,Some college,White (non-Hispanic)
AW42394447213OO,55,0,30000,Bachelor's degree,White (non-Hispanic)
AW22047491193OO,66,0,105000,Some college,White (non-Hispanic)
AW25536126140OO,65,1,70000,Bachelor's degree,Hispanic (any race)
AW43411237017OO,65,0,50000,Some college,White (non-Hispanic)
AW48273573413OO,51,0,10000,Bachelor's degree,White (non-Hispanic)
AW38177560169OO,55,0,70000,Bachelor's degree,Asian (non-Hispanic)
AW66272455418OO,65,0,90000,Some college,White (non-Hispanic)
AW57594761394OO,65,1,10000,Some college,White (non-Hispanic)
AW16800682186OO,55,0,10000,Some college,White (non-Hispanic)
AW55954246796OO,55,0,70000,Some college,White (non-Hispanic)
AW15425196237OO,58,0,10000,Some college,White (non-Hispanic)
AW68385817102OO,55,0,30000,High school,White (non-Hispanic)
AW56263590007OO,59,1,70000,Some college,White (non-Hispanic)
AW28876232501OO,54,0,90000,Bachelor's degree,White (non-Hispanic)
AW33694463923OO,60,1,70000,Master's degree,White (non-Hispanic)
AW22460144700OO,63,0,125000,Bachelor's degree,White (non-Hispanic)
AW42656159495OO,61,0,10000,Some college,White (non-Hispanic)
AW14196765353OO,64,1,115000,Some college,White (non-Hispanic)
AW67002250574OO,58,0,70000,Some college,Black (non-Hispanic)
AW51872249992OO,62,1,50000,Master's degree,White (non-Hispanic)
AW10499348166OO,66,1,145000,Bachelor's degree,White (non-Hispanic)
AW42084185573OO,57,0,10000,Some college,Black (non-Hispanic)
AW11927674456OO,57,1,50000,Some college,White (non-Hispanic)
AW117548249OO,53,0,70000,Bachelor's degree,Asian (non-Hispanic)
AW40631101007OO,55,0,70000,Bachelor's degree,White (non-Hispanic)
AW67146848783OO,57,1,30000,Bachelor's degree,White (non-Hispanic)
AW7616130487OO,61,0,70000,Some college,White (non-Hispanic)
AW35818982816OO,52,0,90000,Bachelor's degree,White (non-Hispanic)
AW38701174442OO,75,0,30000,High school,White (non-Hispanic)
AW45340741360OO,57,0,30000,Master's degree,Hispanic (any race)
AW2797205182OO,65,1,30000,Graduate degree,White (non-Hispanic)
AW37353058315OO,73,0,30000,Some college,White (non-Hispanic)
AW32716119443OO,56,1,30000,Some college,White (non-Hispanic)
AW32772587358OO,55,0,90000,Some college,White (non-Hispanic)
AW25530461188OO,52,1,10000,Master's degree,White (non-Hispanic)
AW6148212153OO,52,0,50000,Bachelor's degree,White (non-Hispanic)
AW38191895767OO,62,0,105000,Bachelor's degree,Hispanic (any race)
AW51844656309OO,53,1,10000,Some college,White (non-Hispanic)
AW13092267361OO,54,1,70000,Doctoral degree,White (non-Hispanic)
AW4088010828OO,51,1,30000,Bachelor's degree,White (non-Hispanic)
AW4384778414OO,67,0,70000,Bachelor's degree,White (non-Hispanic)
AW29501071145OO,58,0,50000,Bachelor's degree,White (non-Hispanic)
AW2807302697OO,65,1,30000,Some college,White (non-Hispanic)
AW60472769793OO,55,1,30000,High school,White (non-Hispanic)
AW21662140933OO,57,1,10000,Bachelor's degree,White (non-Hispanic)
AW39820918606OO,55,1,90000,Bachelor's degree,White (non-Hispanic)
AW45721988677OO,59,0,165000,Bachelor's degree,White (non-Hispanic)
AW40188981826OO,63,0,50000,Bachelor's degree,White (non-Hispanic)
AW58543828679OO,67,0,50000,High school,White (non-Hispanic)
AW63240310408OO,55,0,125000,Graduate degree,White (non-Hispanic)
AW57885573501OO,55,0,125000,Bachelor's degree,White (non-Hispanic)
AW32271752743OO,68,1,30000,Some college,Asian (non-Hispanic)
AW2278214879OO,65,0,50000,Some college,White (non-Hispanic)
AW7785641402OO,60,1,50000,Bachelor's degree,White (non-Hispanic)
AW56769484451OO,52,0,50000,Bachelor's degree,Black (non-Hispanic)
AW51362869014OO,51,0,10000,Bachelor's degree,White (non-Hispanic)
AW3914454237OO,51,0,10000,Bachelor's degree,White (non-Hispanic)
AW11388277198OO,61,1,30000,Bachelor's degree,White (non-Hispanic)
AW8949251683OO,60,0,10000,Some college,Black (non-Hispanic)
AW7315222464OO,65,0,70000,Graduate degree,White (non-Hispanic)
AW22271789809OO,67,0,10000,Some college,White (non-Hispanic)
AW60102402375OO,72,1,50000,Bachelor's degree,White (non-Hispanic)
AW20995500239OO,65,0,90000,Graduate degree,White (non-Hispanic)
AW13909149802OO,61,0,10000,Bachelor's degree,White (non-Hispanic)
AW40219186336OO,60,1,10000,Bachelor's degree,White (non-Hispanic)
AW45758135352OO,62,0,30000,High school,White (non-Hispanic)
AW67554129927OO,55,0,125000,Graduate degree,White (non-Hispanic)
AW37614490798OO,67,1,70000,Some college,White (non-Hispanic)
AW134857308OO,56,0,90000,Bachelor's degree,Asian (non-Hispanic)
AW34219602696OO,59,0,115000,Bachelor's degree,White (non-Hispanic)
AW37259025290OO,55,1,10000,Some college,White (non-Hispanic)
AW23513252217OO,63,1,50000,Bachelor's degree,White (non-Hispanic)
AW26617820554OO,72,0,70000,Some college,White (non-Hispanic)
AW21515890482OO,65,0,115000,Master's degree,White (non-Hispanic)
AW55510042165OO,54,1,50000,Doctoral degree,White (non-Hispanic)
AW12912102951OO,60,0,70000,High school,White (non-Hispanic)
AW48514905165OO,61,0,10000,Some college,White (non-Hispanic)
AW25208545136OO,62,1,225000,Bachelor's degree,White (non-Hispanic)
AW29884480386OO,63,1,30000,Some college,White (non-Hispanic)
AW988514063OO,62,0,90000,High school,White (non-Hispanic)
AW66613882857OO,53,0,30000,Some college,White (non-Hispanic)
AW66877357908OO,52,0,30000,Some college,White (non-Hispanic)
AW51318091269YY,24,1,50000,Bachelor's degree,White (non-Hispanic)
AW32126257825YY,28,0,50000,Some college,White (non-Hispanic)
AW22808398732YY,24,1,10000,Some college,White (non-Hispanic)
AW63655263464YY,27,1,30000,High school,White (non-Hispanic)
AW41766238433YY,24,0,70000,High school,White (non-Hispanic)
AW38268999506YY,21,0,90000,Some college,Black (non-Hispanic)
AW16556849584YY,24,1,125000,Graduate degree,White (non-Hispanic)
AW4209580938YY,27,1,105000,High school,White (non-Hispanic)
AW46549805489YY,25,1,90000,Bachelor's degree,White (non-Hispanic)
AW53763029453YY,29,0,50000,Bachelor's degree,White (non-Hispanic)
AW15622380065YY,24,0,50000,Bachelor's degree,White (non-Hispanic)
AW33938440325YY,27,0,50000,Bachelor's degree,White (non-Hispanic)
AW43839304033YY,21,1,145000,Some college,White (non-Hispanic)
AW22368311097YY,26,1,30000,Some college,White (non-Hispanic)
AW18545911105YY,28,0,70000,Master's degree,Hispanic (any race)
AW35022700329YY,25,1,30000,Bachelor's degree,White (non-Hispanic)
AW6868123050YY,22,1,105000,Some college,White (non-Hispanic)
AW3342217873YY,27,0,50000,High school,Multiracial
AW34495464973YY,23,1,155000,Bachelor's degree,White (non-Hispanic)
AW66078392721YY,24,1,10000,High school,White (non-Hispanic)
AW4659019880YY,24,1,50000,Bachelor's degree,Asian (non-Hispanic)
AW23815810377YY,21,0,175000,Some college,White (non-Hispanic)
AW1262708203YY,24,0,50000,Bachelor's degree,Hispanic (any race)
AW6881587672YY,21,0,10000,Some college,White (non-Hispanic)
AW62142442498YY,27,0,70000,Bachelor's degree,Asian (non-Hispanic)
AW41707163998YY,26,1,90000,Some college,Hispanic (any race)
AW7008134197YY,22,1,50000,Some college,Asian (non-Hispanic)
AW8709659145YY,24,0,50000,Some college,White (non-Hispanic)
AW62562980372YY,28,0,30000,Some college,Hispanic (any race)
AW30179892460YY,24,1,50000,Bachelor's degree,White (non-Hispanic)
AW61632178556YY,23,1,105000,Bachelor's degree,Asian (non-Hispanic)
AW39702546960YY,26,0,30000,Bachelor's degree,White (non-Hispanic)
AW35986272501YY,29,0,70000,Bachelor's degree,White (non-Hispanic)
AW16159555834YY,20,0,30000,Some college,Asian (non-Hispanic)
AW22096516336YY,25,1,50000,Some college,White (non-Hispanic)
AW39132793094YY,24,1,125000,Bachelor's degree,White (non-Hispanic)
AW8938596735YY,21,0,30000,Some college,White (non-Hispanic)
AW38262734620YY,24,1,30000,Some college,White (non-Hispanic)
AW26552945503YY,28,0,50000,Some college,White (non-Hispanic)
AW57147171113YY,22,0,30000,High school,Black (non-Hispanic)
AW64053315878YY,26,0,30000,Some college,Black (non-Hispanic)
AW20555045772YY,23,1,50000,Some college,White (non-Hispanic)
AW29946008787YY,22,0,70000,Bachelor's degree,Black (non-Hispanic)
AW40401780149YY,26,0,50000,Master's degree,White (non-Hispanic)
AW54186786561YY,24,0,30000,Some college,Black (non-Hispanic)
AW18133628136YY,27,0,90000,Bachelor's degree,Black (non-Hispanic)
AW61719538926YY,21,0,105000,Some college,White (non-Hispanic)
AW12889910270YY,24,0,10000,Some college,Multiracial
AW54402259379YY,24,1,70000,Bachelor's degree,Multiracial
AW28801131020YY,24,0,105000,Bachelor's degree,White (non-Hispanic)
AW39152726930YY,27,0,10000,High school,Black (non-Hispanic)
AW53929080867YY,29,1,50000,Bachelor's degree,White (non-Hispanic)
AW11304403527YY,19,1,50000,Some college,White (non-Hispanic)
AW31682899974YY,28,1,30000,Some college,Black (non-Hispanic)
AW5814259388YY,29,1,50000,Some college,White (non-Hispanic)
AW43017730946YY,25,0,50000,High school,White (non-Hispanic)
AW1039734587YY,24,0,10000,Bachelor's degree,White (non-Hispanic)
AW23092896109YY,24,0,70000,Some college,White (non-Hispanic)
AW16392868038YY,24,1,10000,Some college,White (non-Hispanic)
AW63923274950YY,23,1,30000,High school,White (non-Hispanic)
AW55242322256YY,22,0,70000,Some college,White (non-Hispanic)
AW11646068549YY,26,0,135000,Some college,White (non-Hispanic)
AW17035928790YY,24,1,10000,High school,Black (non-Hispanic)
AW33788166335YY,20,0,30000,Some college,White (non-Hispanic)
AW30964164054YY,23,1,10000,Bachelor's degree,White (non-Hispanic)
AW68689880742YY,20,0,105000,Some college,White (non-Hispanic)
AW30388064985YY,24,0,30000,Bachelor's degree,Hispanic (any race)
AW27657721810YY,28,0,30000,Bachelor's degree,Hispanic (any race)
AW14544283868YY,26,0,50000,Bachelor's degree,Asian (non-Hispanic)
AW7636015102YY,26,0,30000,Some college,White (non-Hispanic)
AW65879250095YY,24,1,125000,Some college,White (non-Hispanic)
AW43353585186YY,24,0,10000,High school,White (non-Hispanic)
AW5195529139YY,26,0,50000,Bachelor's degree,White (non-Hispanic)
AW46672574715YY,27,1,50000,Bachelor's degree,White (non-Hispanic)
AW48176350931YY,26,1,50000,Bachelor's degree,White (non-Hispanic)
AW4364491552YY,25,0,50000,Some college,White (non-Hispanic)
AW31312187559YY,23,0,90000,Some college,Hispanic (any race)
AW423680311YY,29,0,165000,Bachelor's degree,White (non-Hispanic)
AW17145364086YY,24,0,30000,Bachelor's degree,White (non-Hispanic)
AW26709822441YY,24,1,90000,Bachelor's degree,White (non-Hispanic)
AW33268466297YY,23,0,30000,Some college,White (non-Hispanic)
AW18081296812YY,24,1,30000,Some college,White (non-Hispanic)
AW57726153246YY,24,1,30000,Bachelor's degree,White (non-Hispanic)
AW8248125509YY,27,1,70000,Bachelor's degree,White (non-Hispanic)
AW29311964555YY,24,0,125000,Bachelor's degree,White (non-Hispanic)
AW11188437452YY,24,1,30000,Some college,White (non-Hispanic)
AW1697718720YY,25,1,30000,High school,Hispanic (any race)
AW27776132746YY,23,0,30000,Some college,White (non-Hispanic)
AW62882596298YY,23,0,70000,Some college,White (non-Hispanic)
AW3807190543YY,24,0,10000,Bachelor's degree,White (non-Hispanic)
AW44107182932YY,23,1,125000,Bachelor's degree,White (non-Hispanic)
AW65410386322YY,28,0,10000,Some college,White (non-Hispanic)
AW60604802494YY,25,0,10000,Bachelor's degree,Multiracial
AW17669256218YY,29,0,30000,High school,White (non-Hispanic)
AW46804207222YY,22,0,50000,Some college,White (non-Hispanic)
AW49464443148YY,22,0,10000,Some college,White (non-Hispanic)
AW11201728006YY,24,1,90000,Some college,White (non-Hispanic)
AW37808030322YY,27,0,30000,Bachelor's degree,White (non-Hispanic)
AW36679818719YY,27,0,10000,Bachelor's degree,White (non-Hispanic)
AW13380501976YY,28,1,70000,Master's degree,White (non-Hispanic)
